Header,Sequence
Q93560,KKLIESPIDTLSTDASSASDEEMIDVEEQESCTRPVAEVTRPNVIQNPVVRPVATKVNNFPGIPVRLGNFYASPLVDFKEFMRKSLQLKLVDTSMFVSPVAQTTAAITATGGRSGQPIDVQPVLAATAGAHFGNYAAIYGSQDFQHELSKPLYTSASPAFGGGGGMGGGFGMGGSAHTSSFHQLPFVNHSSSSHNDSSFNGVPNYVQQQENGKTRYACKDCNKTFGQLSNLKVHVRTHTGERPFKCEICTKEFTQLAHLQKHHLVHTGERPHRCDICDKRFSSTSNLKTHLRLHNGQKPYTCDVCDAKFTQYVHLRLHKRLHANERPYSCGTCGKKYISPSGLRTHWKTTTCKEEDMKDSMRDDLMDIKGEIDEGSMSGSGYGNLGIFENTLNSELKRPLMPIETIYSKYNLPNASLLGQGPSGMQEQQAPPPTSQQQQHMMYGNTMGHMGQGSHLQGPPPPPQHFQMDHSGMQNGGGIPHQHQLIQGGPSSGSGQQQHPQHNGIHRLPDLKNPLLPSLGLPHYP
G5EFF5,RSDPPMNENDVRIVTERHNHFMSLLNRYLESLFGEQARRIFERIPKALGLLNEIARNAGMLFMGTVRSGEAEELPGEFFKIK
P48996,EDSDEDDEPVRRRPRRQVEEEDEEDELIEEATPSPPPIVVQRRVRRSRH
G5EF11,ENNKLSYVLRSQLAEIQGSDLTIGIQTRVGTQVRLSDPEQVEIHGGPSWCYLKDPSGPLRAAIVSNHELHDFVQRERAKRPGEEHVDADAPDEMMDDSRYRNRRTINDDEMFGFEQKVPAMKHLEPPPASDDYVYSSTGDEYRGDSIVDLYGD
G5ECF7,METANYYLPSPPYSSTSSSDSRESRMNTPIPTTYSEENVNSLFHLMPDNTDQWMTSQKNFWQEGSPSSSEYLHQQAVQPSQQARLPGISNFMKDSQLSVKPAAYYCSPTMNDYRVEKVANTLLDPYVQLDQPTYADFTNAQVLNHQQEMLQMNFPTPLSTSYMNTAQVTQTHQMPFNIFELNLSNFATFQPACDTPLPLLNSSPTHPYTTMSNFTPPPQDPLVAEPKPMKKRMAAVQCHQNSICSNCKTRETTLWRRNGEGGVECNACNLYFRKNNRKRPLSLRKDGIMKRNRRPRNESPNSAIRNTHQRHGHAAAC
G5EDU4,GGGQGGGGGGGPEGSDNTHGVLMTPNLVMRSPHNRSAVQPQFNNLSTNSDPQQQQQQQQLRPFSLPTYGQMDLAQAAQLQQLQQQLQAAGLPPTGTPNNQDNSNNAWNPWNVQ
P22980,DRRKAATMRERRRLRKVNEAFEVVKQRTCPNPNQRLPKVEILRSAIDYINNLERMLQQAGKMTKIMEQNQHLQMTQQINGAPPHDYVTSSHFASSSYNPENMFDDDDLTDSDDDRDHHKLGNAVDLRRRNSLDRLSRIVASIPNEEAMTDEQLLQPANDVIDGEKKLEML
Q21446,DSNGQKTDSSAASAGDNQNIDVIGDGSESPTSSNHSAQEIALMTSQQTFLNALKDSSFLFTNPVPTVETAPPLRVAPPINGTTNGTAKAGGPERKPRKPVNDDIVKIVRNQDLSEENISMFEIPVPKAIASDPTFRPVSEQQIIQQIIQGKKYEEMEVGECMIQLCKKLAEKRVFGPRLMSQTTVAGLNHSNYANLPIKGICYIQHVCRKVLYDKFENEEDFWDKFREAMRKLAARCRRVRHAKKTKHNREEAQAEMLSKRYGEDMPFNLNGAGLIRPKVETVSPEANILNSDQIKSQLESLFAHIPKTESETPLIEIIQQNISLFTHLIRTKVESQSPPLQGPQ
Q17381,GTLGTTQAQMTLNGQYASPYLYSSDFATILPQSQNFLNNTLYNTTSSYPGIDYTNGVYQNTLYSSTNPNSAANL
P34707,TVTATATQSLFDPYHSQRHSFSDCTTDSSSTCSRLSSESPRYTSESSTGTHESRFYGKLAPSSGSRYQRSSSPRSSQSSIKIARVVPLASGQRKRGRQSKDEQLASDNELPVSAFQISEMSLSELQQVLKNESLSEYQRQLIRKIRRRGKNKVAARTCRQRRTDRHDKMSHYI
P91868,IRAHDVKEWGTKFWNEHRFTAPKYAKRFVENMVINKSKEVAEWYLHVNSKSCNQNDVHCPAKSTLPPTAASFDLHKMLQKARSGLNRLSAEHFYPLDVSLAQQFNFKNDEREGLDGDRRMHIGLSDEVTNSKEYANFYARMRSILLEPMRLGIARESSSDETKRLVRCLAEERACDEEQQVTCDQIRRRRMPDDEIYVTPTSISRELNNGMKIDTTELLANLDKNSAKKIRMKRKIGEVRCDTKIKLLPLVILATVATVAARPARPPRSSAGTPTPSHVSIDTESNISLKVELD